Year,Title,Revenue
2016,Rogue One,532.17
2016,Finding Dory,486.29
2016,Captain America: Civil War,408.08
2016,The Secret Life of Pets,368.31
2016,The Jungle Book,364.0
2015,Star Wars: Episode VII - The Force Awakens,936.63
2015,Jurassic World,652.18
2015,Avengers: Age of Ultron,458.99
2015,Inside Out,356.45
2015,Furious Seven,350.03
2014,American Sniper,350.12
2014,The Hunger Games: Mockingjay - Part 1,337.1
2014,Guardians of the Galaxy,333.13
2014,Captain America: The Winter Soldier,259.75
2014,The Lego Movie,257.76
2013,The Hunger Games: Catching Fire,424.65
2013,Iron Man Three,408.99
2013,Frozen,400.74
2013,Despicable Me 2,368.05
2013,Man of Steel,291.02
2012,The Avengers,623.28
2012,The Dark Knight Rises,448.13
2012,The Hunger Games,408.0
2012,Skyfall,304.36
2012,The Hobbit: An Unexpected Journey,303.0
2011,Harry Potter and the Deathly Hallows: Part 2,380.96
2011,Transformers: Dark of the Moon,352.36
2011,The Twilight Saga: Breaking Dawn - Part 1,281.28
2011,Pirates of the Caribbean: On Stranger Tides,241.06
2011,Fast Five,209.81
2010,Toy Story 3,414.98
2010,Alice in Wonderland,334.19
2010,Iron Man 2,312.06
2010,The Twilight Saga: Eclipse,300.52
2010,Harry Potter and the Deathly Hallows: Part 1,294.98
2009,Avatar,760.51
2009,Transformers: Revenge of the Fallen,402.08
2009,Harry Potter and the Half-Blood Prince,301.96
2009,Up,292.98
2009,The Hangover,277.31
2008,The Dark Knight,533.32
2008,Iron Man,318.3
2008,Indiana Jones and the Kingdom of the Crystal Skull,317.01
2008,Hancock,227.95
2008,WALL-E,223.81
2007,Spider-Man 3,336.53
2007,Transformers,318.76
2007,Pirates of the Caribbean: At World's End,309.4
2007,Harry Potter and the Order of the Phoenix,292.0
2007,I Am Legend,256.39
2006,Pirates of the Caribbean: Dead Man's Chest,423.03
2006,Cars,244.05
2006,X-Men: The Last Stand,234.36
2006,The Da Vinci Code,217.54
2006,300,210.59
