Genre,Title,Rating
Action,The Dark Knight,9.0
Action,Inception,8.8
Action,Dangal,8.8
Adventure,Inception,8.8
Adventure,Interstellar,8.6
Adventure,WALL-E,8.4
Animation,Kimi no na wa,8.6
Animation,WALL-E,8.4
Animation,Koe no katachi,8.4
Biography,Dangal,8.8
Biography,The Intouchables,8.6
Biography,Hacksaw Ridge,8.2
Comedy,The Intouchables,8.6
Comedy,3 Idiots,8.4
Comedy,La La Land,8.3
Crime,The Dark Knight,9.0
Crime,The Departed,8.5
Crime,The Wolf of Wall Street,8.2
Drama,The Dark Knight,9.0
Drama,Dangal,8.8
Drama,Interstellar,8.6
Family,Taare Zameen Par,8.5
Family,WALL-E,8.4
Family,Hachi: A Dog's Tale,8.1
Fantasy,Kimi no na wa,8.6
Fantasy,Pan's Labyrinth,8.2
Fantasy,Star Wars: Episode VII - The Force Awakens,8.1
History,Hacksaw Ridge,8.2
History,12 Years a Slave,8.1
History,Spotlight,8.1
Horror,Twin Peaks: The Missing Pieces,8.1
Horror,Zombieland,7.7
Horror,What We Do in the Shadows,7.6
Music,Whiplash,8.5
Music,Taare Zameen Par,8.5
Music,La La Land,8.3
Musical,Les Misérables,7.6
Musical,Sweeney Todd: The Demon Barber of Fleet Street,7.4
Musical,Across the Universe,7.4
Mystery,The Prestige,8.5
Mystery,Incendies,8.2
Mystery,El secreto de sus ojos,8.2
Romance,Koe no katachi,8.4
Romance,El secreto de sus ojos,8.2
Romance,PK,8.2
Sci-Fi,Inception,8.8
Sci-Fi,Interstellar,8.6
Sci-Fi,The Prestige,8.5
Sport,Warrior,8.2
Sport,The Blind Side,7.7
Sport,Creed,7.6
Thriller,The Departed,8.5
Thriller,The Dark Knight Rises,8.5
Thriller,The Lives of Others,8.5
War,Inglourious Basterds,8.3
War,Pan's Labyrinth,8.2
War,Incendies,8.2
Western,Django Unchained,8.4
Western,True Grit,7.6
Western,Brimstone,7.1
